age,job,marital,education,default,balance,housing,loan,contact,day_of_week,month,duration,campaign,pdays,previous,poutcome
42,entrepreneur,divorced,tertiary,yes,2,yes,no,,5,may,380,1,-1,0,
55,services,divorced,secondary,yes,1,yes,no,,5,may,208,1,-1,0,
51,admin.,single,secondary,yes,-2,no,no,,5,may,402,3,-1,0,
33,technician,married,secondary,yes,72,yes,no,,6,may,623,1,-1,0,
33,blue-collar,single,secondary,yes,-60,no,no,,6,may,243,1,-1,0,
60,retired,married,secondary,yes,15,no,no,,6,may,80,1,-1,0,
35,entrepreneur,married,secondary,yes,204,yes,no,,6,may,424,2,-1,0,
41,blue-collar,single,primary,yes,-137,yes,yes,,6,may,189,1,-1,0,
54,services,married,secondary,yes,0,yes,no,,6,may,138,3,-1,0,
52,blue-collar,divorced,primary,yes,-183,yes,no,,6,may,145,1,-1,0,
40,blue-collar,married,primary,yes,0,yes,no,,6,may,64,2,-1,0,
46,technician,married,secondary,yes,289,no,no,,7,may,51,3,-1,0,
35,blue-collar,married,primary,yes,0,yes,no,,7,may,292,1,-1,0,
35,blue-collar,single,,yes,-532,yes,no,,7,may,149,1,-1,0,
54,management,married,tertiary,yes,-248,yes,yes,,7,may,112,1,-1,0,
37,management,single,tertiary,yes,45,yes,no,,7,may,204,1,-1,0,
40,blue-collar,married,secondary,yes,-94,yes,yes,,7,may,227,1,-1,0,
39,blue-collar,married,secondary,yes,-345,yes,no,,7,may,69,1,-1,0,
47,blue-collar,married,secondary,yes,-5,yes,no,,7,may,444,1,-1,0,
50,blue-collar,married,primary,yes,354,yes,no,,7,may,123,2,-1,0,
34,blue-collar,single,secondary,yes,-947,yes,no,,8,may,211,3,-1,0,
51,management,married,primary,yes,57,yes,yes,,8,may,61,1,-1,0,
43,blue-collar,married,secondary,yes,-7,no,no,,8,may,70,1,-1,0,
26,blue-collar,married,secondary,yes,20,yes,no,,8,may,200,1,-1,0,
33,blue-collar,married,primary,yes,-744,yes,no,,8,may,206,1,-1,0,
44,blue-collar,married,secondary,yes,-617,yes,no,,8,may,172,1,-1,0,
52,management,single,tertiary,yes,0,no,no,,8,may,98,1,-1,0,
41,unemployed,married,primary,yes,-581,yes,no,,8,may,218,2,-1,0,
33,management,married,secondary,yes,879,yes,no,,8,may,245,1,-1,0,
30,technician,married,,yes,-315,yes,no,,8,may,201,2,-1,0,
35,management,married,tertiary,yes,89,no,yes,,8,may,166,3,-1,0,
34,technician,single,tertiary,yes,33,yes,yes,,9,may,244,1,-1,0,
30,admin.,single,,yes,1,no,no,,9,may,307,1,-1,0,
35,blue-collar,married,secondary,yes,-198,yes,no,,9,may,72,2,-1,0,
29,blue-collar,married,primary,yes,-43,yes,no,,9,may,484,1,-1,0,
33,technician,divorced,secondary,yes,-305,no,yes,,9,may,109,1,-1,0,
32,blue-collar,married,secondary,yes,-1,yes,no,,9,may,653,1,-1,0,
46,technician,single,secondary,yes,-1124,yes,yes,,9,may,206,2,-1,0,
28,management,single,,yes,101,yes,no,,9,may,224,3,-1,0,
34,blue-collar,married,secondary,yes,-331,yes,yes,,9,may,342,1,-1,0,
38,technician,married,secondary,yes,9,yes,no,,9,may,129,3,-1,0,
57,self-employed,married,tertiary,yes,-3313,yes,yes,,9,may,153,1,-1,0,
29,admin.,single,secondary,yes,-228,yes,no,,9,may,279,1,-1,0,
31,services,single,secondary,yes,68,yes,no,,9,may,169,2,-1,0,
56,admin.,divorced,secondary,yes,-435,yes,yes,,9,may,185,2,-1,0,
49,admin.,married,secondary,yes,15,no,no,,12,may,290,5,-1,0,
49,management,divorced,tertiary,yes,0,yes,no,,12,may,345,2,-1,0,
51,blue-collar,married,primary,yes,-283,yes,no,,12,may,38,4,-1,0,
26,management,divorced,tertiary,yes,-402,no,yes,,12,may,127,2,-1,0,
28,blue-collar,single,secondary,yes,-871,yes,no,,12,may,36,4,-1,0,
30,blue-collar,single,,yes,-149,yes,yes,,12,may,164,3,-1,0,
31,entrepreneur,single,tertiary,yes,37,yes,no,,12,may,281,1,-1,0,
47,entrepreneur,married,,yes,-1445,yes,no,,12,may,379,2,-1,0,
26,blue-collar,single,secondary,yes,-23,yes,no,,12,may,315,1,-1,0,
32,admin.,divorced,secondary,yes,-18,yes,no,,12,may,155,3,-1,0,
28,unemployed,single,secondary,yes,-353,yes,no,,12,may,89,3,-1,0,
57,blue-collar,married,primary,yes,0,yes,no,,12,may,73,3,-1,0,
26,admin.,divorced,secondary,yes,-3,yes,no,,13,may,181,5,-1,0,
32,unemployed,married,secondary,yes,2,yes,no,,13,may,178,2,-1,0,
32,management,single,tertiary,yes,-3,yes,no,,13,may,500,2,-1,0,
41,blue-collar,divorced,primary,yes,210,yes,no,,13,may,383,1,-1,0,
24,services,single,secondary,yes,-122,yes,no,,13,may,1000,1,-1,0,
47,retired,married,primary,yes,-13,no,no,,13,may,295,1,-1,0,
30,services,married,secondary,yes,-846,yes,no,,13,may,117,1,-1,0,
53,management,married,secondary,yes,-689,yes,no,,13,may,242,1,-1,0,
27,blue-collar,married,primary,yes,-588,no,no,,13,may,531,2,-1,0,
25,services,single,secondary,yes,57,yes,yes,,13,may,190,5,-1,0,
25,admin.,single,secondary,yes,53,yes,no,,14,may,313,4,-1,0,
27,blue-collar,single,secondary,yes,-2,yes,yes,,14,may,123,5,-1,0,
30,blue-collar,single,secondary,yes,447,no,no,,14,may,103,6,-1,0,
39,technician,married,secondary,yes,-183,yes,no,,14,may,202,2,-1,0,
42,admin.,married,secondary,yes,-1300,no,no,,14,may,89,1,-1,0,
41,services,divorced,secondary,yes,-198,no,yes,,14,may,133,1,-1,0,
37,technician,married,tertiary,yes,0,yes,no,,14,may,93,14,-1,0,
50,admin.,divorced,secondary,yes,-500,yes,no,,14,may,148,3,-1,0,
34,blue-collar,single,secondary,yes,-115,yes,no,,14,may,360,1,-1,0,
30,admin.,single,secondary,yes,-35,yes,no,,14,may,1204,4,-1,0,
50,management,married,tertiary,yes,-143,yes,no,,15,may,305,3,-1,0,
47,blue-collar,married,primary,yes,-1385,yes,yes,,15,may,77,1,-1,0,
41,blue-collar,married,secondary,yes,-204,yes,no,,15,may,50,7,-1,0,
36,unemployed,married,secondary,yes,-318,yes,no,,15,may,133,2,-1,0,
34,management,married,,yes,-353,yes,no,,15,may,328,1,-1,0,
55,management,married,,yes,-171,yes,no,,15,may,30,2,-1,0,
33,management,single,secondary,yes,-174,yes,no,,15,may,156,5,-1,0,
44,housemaid,married,primary,yes,-972,yes,yes,,16,may,114,2,-1,0,
57,entrepreneur,married,tertiary,yes,-524,yes,no,,16,may,199,4,-1,0,
27,management,single,tertiary,yes,-308,yes,no,,16,may,213,16,-1,0,
49,blue-collar,divorced,secondary,yes,259,no,no,,16,may,283,2,-1,0,
42,blue-collar,married,primary,yes,398,yes,no,,16,may,251,4,-1,0,
27,management,single,tertiary,yes,0,yes,no,,16,may,89,2,-1,0,
44,entrepreneur,married,secondary,yes,-848,yes,no,,19,may,468,1,-1,0,
44,admin.,married,secondary,yes,-1249,yes,yes,,19,may,83,4,-1,0,
27,management,single,tertiary,yes,0,yes,no,,19,may,352,1,-1,0,
27,blue-collar,single,secondary,yes,-3,yes,no,,19,may,265,5,-1,0,
53,admin.,married,tertiary,yes,6,no,no,,19,may,105,11,-1,0,
35,technician,divorced,secondary,yes,-52,yes,no,,20,may,265,1,-1,0,
38,services,married,secondary,yes,-242,yes,yes,,20,may,236,2,-1,0,
43,blue-collar,married,primary,yes,-635,yes,no,,20,may,37,9,-1,0,
34,services,married,secondary,yes,421,yes,no,,20,may,247,3,-1,0,
35,management,single,secondary,yes,-202,yes,no,,20,may,268,3,-1,0,
38,technician,divorced,tertiary,yes,-530,yes,no,,21,may,236,1,-1,0,
30,blue-collar,single,secondary,yes,239,yes,no,,21,may,412,1,-1,0,
37,services,married,secondary,yes,-954,yes,no,,21,may,111,3,-1,0,
35,technician,married,secondary,yes,-29,yes,yes,,21,may,208,3,-1,0,
36,admin.,divorced,secondary,yes,-491,yes,yes,,21,may,671,3,-1,0,
32,blue-collar,married,secondary,yes,98,no,yes,,23,may,174,1,-1,0,
40,blue-collar,married,primary,yes,-509,yes,no,,23,may,298,1,-1,0,
36,management,divorced,tertiary,yes,-1,yes,yes,,23,may,268,1,-1,0,
24,services,married,secondary,yes,110,yes,no,,23,may,27,1,-1,0,
46,admin.,single,,yes,0,no,no,,23,may,378,2,-1,0,
33,services,divorced,secondary,yes,339,yes,no,,23,may,496,4,-1,0,
32,blue-collar,divorced,,yes,-274,yes,yes,,23,may,456,2,-1,0,
43,entrepreneur,married,secondary,yes,150,yes,yes,,23,may,226,2,-1,0,
34,blue-collar,single,secondary,yes,-369,yes,no,,23,may,353,2,-1,0,
40,services,single,secondary,yes,-306,yes,no,,23,may,253,1,-1,0,
30,blue-collar,single,secondary,yes,4,yes,no,,23,may,84,3,-1,0,
33,blue-collar,married,secondary,yes,2,no,no,,23,may,74,4,-1,0,
26,technician,single,secondary,yes,-516,yes,no,,23,may,386,2,-1,0,
37,technician,married,secondary,yes,-886,yes,no,,26,may,224,1,-1,0,
41,blue-collar,married,secondary,yes,-651,yes,yes,,26,may,374,1,-1,0,
51,housemaid,married,secondary,yes,-1013,yes,no,,26,may,664,1,-1,0,
43,admin.,married,secondary,yes,-204,yes,no,,26,may,163,2,-1,0,
37,blue-collar,married,secondary,yes,1147,yes,yes,,26,may,114,2,-1,0,
47,blue-collar,married,secondary,yes,-614,yes,no,,26,may,118,2,-1,0,
31,blue-collar,married,primary,yes,0,yes,no,,27,may,159,2,-1,0,
32,blue-collar,married,secondary,yes,-238,yes,no,,27,may,427,1,-1,0,
23,blue-collar,single,primary,yes,-627,yes,yes,,27,may,115,1,-1,0,
27,blue-collar,single,secondary,yes,87,yes,no,,27,may,43,1,-1,0,
36,services,single,secondary,yes,-455,no,no,,27,may,124,1,-1,0,
40,blue-collar,married,primary,yes,-56,yes,no,,27,may,316,1,-1,0,
32,blue-collar,married,primary,yes,-275,yes,yes,,27,may,321,1,-1,0,
26,blue-collar,married,primary,yes,-683,yes,yes,,27,may,446,1,-1,0,
32,services,married,secondary,yes,-684,yes,no,,27,may,298,3,-1,0,
25,entrepreneur,single,tertiary,yes,6,yes,yes,,27,may,3,4,-1,0,
34,technician,married,secondary,yes,-34,yes,no,,27,may,201,5,-1,0,
32,technician,married,secondary,yes,-71,yes,no,,28,may,78,2,-1,0,
30,unemployed,single,secondary,yes,-770,yes,no,,28,may,87,1,-1,0,
31,technician,married,secondary,yes,-463,yes,no,,28,may,210,1,-1,0,
40,admin.,married,secondary,yes,-279,yes,no,,28,may,143,2,-1,0,
29,technician,single,secondary,yes,-397,yes,no,,28,may,114,1,-1,0,
34,admin.,single,secondary,yes,7,no,no,,28,may,285,2,-1,0,
45,management,married,tertiary,yes,-1655,yes,no,,28,may,333,2,-1,0,
43,blue-collar,married,secondary,yes,-504,yes,no,,28,may,136,1,-1,0,
31,admin.,married,,yes,-310,yes,no,,28,may,433,3,-1,0,
33,admin.,married,secondary,yes,-675,yes,no,,28,may,245,2,-1,0,
54,technician,married,tertiary,yes,337,yes,no,,28,may,302,2,-1,0,
36,technician,married,secondary,yes,947,yes,no,,28,may,452,2,-1,0,
39,blue-collar,married,secondary,yes,-931,yes,no,,28,may,92,5,-1,0,
36,blue-collar,married,secondary,yes,-347,yes,yes,,28,may,109,3,-1,0,
30,blue-collar,married,primary,yes,0,yes,yes,,28,may,92,5,-1,0,
32,blue-collar,married,secondary,yes,-354,yes,yes,,28,may,51,2,-1,0,
39,entrepreneur,married,tertiary,yes,1,yes,yes,,29,may,102,1,-1,0,
35,blue-collar,married,primary,yes,-1489,yes,yes,,29,may,177,1,-1,0,
48,management,divorced,tertiary,yes,-625,yes,no,,29,may,125,2,-1,0,
39,blue-collar,married,secondary,yes,-16,no,no,,29,may,285,2,-1,0,
43,management,married,tertiary,yes,-3372,yes,no,,29,may,386,2,-1,0,
39,admin.,married,secondary,yes,0,no,no,,29,may,59,3,-1,0,
36,blue-collar,married,primary,yes,-1168,yes,no,,29,may,216,7,-1,0,
43,blue-collar,married,,yes,-715,yes,no,,30,may,67,3,-1,0,
26,services,single,secondary,yes,-599,yes,yes,,30,may,62,3,-1,0,
43,blue-collar,married,primary,yes,1202,no,no,,30,may,295,1,-1,0,
48,technician,married,secondary,yes,0,no,no,,30,may,682,1,-1,0,
31,blue-collar,married,,yes,-13,yes,no,,30,may,176,4,-1,0,
30,services,married,secondary,yes,-849,yes,no,,30,may,138,2,-1,0,
31,management,single,tertiary,yes,-365,yes,no,,30,may,319,6,-1,0,
36,management,single,tertiary,yes,-559,yes,no,,2,jun,71,2,-1,0,
48,services,married,primary,yes,-583,yes,no,,2,jun,25,7,-1,0,
49,technician,divorced,secondary,yes,-757,yes,yes,,2,jun,68,1,-1,0,
57,retired,married,primary,yes,-1480,yes,no,,2,jun,319,5,-1,0,
40,technician,married,secondary,yes,34,yes,no,,2,jun,68,1,-1,0,
34,unemployed,divorced,tertiary,yes,75,yes,no,,2,jun,31,3,-1,0,
34,technician,single,secondary,yes,264,no,no,,2,jun,131,2,-1,0,
42,technician,single,secondary,yes,-1129,yes,no,,2,jun,555,5,-1,0,
44,blue-collar,divorced,primary,yes,-119,yes,no,,2,jun,132,5,-1,0,
36,blue-collar,married,secondary,yes,-2,no,no,,2,jun,316,1,-1,0,
55,unemployed,married,secondary,yes,1108,yes,yes,,2,jun,75,4,-1,0,
31,blue-collar,single,secondary,yes,-575,yes,no,,2,jun,153,9,-1,0,
44,management,divorced,tertiary,yes,-411,yes,no,,2,jun,432,4,-1,0,
32,services,married,secondary,yes,-790,yes,no,,3,jun,159,1,-1,0,
38,management,married,tertiary,yes,-562,yes,no,,3,jun,206,1,-1,0,
30,admin.,married,secondary,yes,-938,yes,no,,3,jun,438,1,-1,0,
25,blue-collar,married,primary,yes,-589,yes,no,,3,jun,233,1,-1,0,
40,self-employed,married,secondary,yes,-754,yes,yes,,3,jun,941,3,-1,0,
37,blue-collar,married,secondary,yes,-399,yes,yes,,3,jun,21,3,-1,0,
31,technician,married,tertiary,yes,859,yes,no,,3,jun,138,2,-1,0,
26,blue-collar,single,secondary,yes,-36,yes,no,,3,jun,482,2,-1,0,
23,blue-collar,single,secondary,yes,-207,yes,no,,3,jun,277,1,-1,0,
30,blue-collar,married,secondary,yes,-18,no,no,,3,jun,157,2,-1,0,
28,technician,single,secondary,yes,-298,yes,no,,3,jun,559,7,-1,0,
55,,married,secondary,yes,-208,yes,no,,3,jun,148,2,-1,0,
44,unemployed,married,secondary,yes,-505,yes,no,,3,jun,113,11,-1,0,
28,blue-collar,single,secondary,yes,0,yes,no,,4,jun,237,1,-1,0,
21,blue-collar,single,secondary,yes,-59,yes,yes,,4,jun,83,1,-1,0,
30,admin.,single,secondary,yes,-242,no,no,,4,jun,276,1,-1,0,
21,blue-collar,married,primary,yes,-426,no,no,,4,jun,139,2,-1,0,
27,management,single,tertiary,yes,-713,yes,no,,4,jun,525,2,-1,0,
29,self-employed,married,tertiary,yes,-1083,yes,no,,4,jun,139,2,-1,0,
29,blue-collar,married,primary,yes,-303,yes,yes,,4,jun,298,3,-1,0,
26,blue-collar,married,secondary,yes,-82,yes,no,,4,jun,23,2,-1,0,
29,admin.,divorced,secondary,yes,-489,yes,no,,4,jun,249,2,-1,0,
29,self-employed,married,tertiary,yes,0,yes,yes,,5,jun,399,3,-1,0,
40,blue-collar,married,primary,yes,11,yes,yes,,5,jun,83,3,-1,0,
43,entrepreneur,married,tertiary,yes,-250,no,no,,5,jun,104,1,-1,0,
37,technician,divorced,secondary,yes,325,yes,yes,,5,jun,487,1,-1,0,
53,management,married,tertiary,yes,0,no,yes,,5,jun,189,1,-1,0,
47,blue-collar,married,primary,yes,0,no,no,,5,jun,148,2,-1,0,
56,housemaid,divorced,primary,yes,1238,no,no,,5,jun,1558,1,-1,0,
39,blue-collar,divorced,primary,yes,-294,yes,no,,5,jun,181,2,-1,0,
30,technician,married,secondary,yes,-1019,yes,no,,5,jun,955,4,-1,0,
39,self-employed,divorced,secondary,yes,-103,no,yes,,5,jun,210,3,-1,0,
58,technician,married,primary,yes,-247,no,no,,6,jun,179,1,-1,0,
28,technician,single,secondary,yes,-1042,yes,no,,6,jun,712,2,-1,0,
59,retired,married,primary,yes,-488,no,yes,,6,jun,247,1,-1,0,
39,self-employed,married,secondary,yes,-571,no,no,,6,jun,180,2,-1,0,
23,technician,single,secondary,yes,150,yes,yes,,6,jun,66,5,-1,0,
53,retired,divorced,secondary,yes,-200,no,yes,,6,jun,161,1,-1,0,
39,entrepreneur,married,secondary,yes,0,no,no,,6,jun,119,4,-1,0,
37,admin.,married,secondary,yes,0,no,no,,9,jun,89,1,-1,0,
54,management,married,tertiary,yes,153,no,no,,9,jun,99,3,-1,0,
53,technician,divorced,secondary,yes,-896,no,yes,,9,jun,452,1,-1,0,
37,technician,single,secondary,yes,375,no,no,,9,jun,223,2,-1,0,
38,self-employed,single,secondary,yes,0,no,no,,11,jun,68,3,-1,0,
42,housemaid,married,primary,yes,16,no,no,,11,jun,79,1,-1,0,
31,blue-collar,single,secondary,yes,-9,yes,yes,,11,jun,115,16,-1,0,
38,blue-collar,married,secondary,yes,-10,no,no,,11,jun,174,1,-1,0,
51,entrepreneur,single,tertiary,yes,15,no,no,,11,jun,104,2,-1,0,
37,blue-collar,married,primary,yes,-142,no,no,,11,jun,199,3,-1,0,
49,entrepreneur,married,secondary,yes,-178,no,yes,,12,jun,84,1,-1,0,
37,technician,married,secondary,yes,693,no,no,,12,jun,75,1,-1,0,
24,blue-collar,single,secondary,yes,-203,yes,no,,12,jun,465,3,-1,0,
48,blue-collar,divorced,secondary,yes,296,no,yes,,16,jun,144,4,-1,0,
59,blue-collar,married,secondary,yes,-918,yes,no,,16,jun,253,2,-1,0,
39,management,married,tertiary,yes,47,no,no,,16,jun,84,3,-1,0,
47,technician,married,tertiary,yes,-813,yes,yes,,16,jun,179,25,-1,0,
36,housemaid,married,tertiary,yes,-1941,yes,no,,16,jun,505,1,-1,0,
53,technician,single,secondary,yes,-435,yes,yes,,16,jun,131,2,-1,0,
50,admin.,married,secondary,yes,-437,yes,yes,,17,jun,83,1,-1,0,
35,admin.,married,secondary,yes,76,no,yes,,17,jun,107,1,-1,0,
45,housemaid,married,primary,yes,0,no,yes,,17,jun,161,1,-1,0,
37,management,single,tertiary,yes,-25,no,no,,17,jun,136,2,-1,0,
37,admin.,divorced,secondary,yes,-302,no,no,,17,jun,406,3,-1,0,
36,blue-collar,married,secondary,yes,0,no,yes,,17,jun,138,5,-1,0,
29,admin.,single,secondary,yes,-95,yes,no,,17,jun,269,3,-1,0,
37,blue-collar,divorced,secondary,yes,-689,no,no,,18,jun,15,1,-1,0,
37,technician,married,secondary,yes,0,no,no,,18,jun,236,1,-1,0,
48,management,married,tertiary,yes,0,no,yes,,18,jun,103,1,-1,0,
38,management,married,tertiary,yes,-1007,yes,yes,,19,jun,71,1,-1,0,
56,retired,married,secondary,yes,101,no,yes,,19,jun,330,1,-1,0,
40,entrepreneur,married,tertiary,yes,0,no,no,,19,jun,952,4,-1,0,
42,management,divorced,secondary,yes,923,yes,no,,19,jun,129,2,-1,0,
56,management,divorced,tertiary,yes,-1968,no,no,,20,jun,60,3,-1,0,
48,self-employed,divorced,secondary,yes,7,no,no,,20,jun,633,2,-1,0,
51,blue-collar,married,secondary,yes,0,no,yes,,20,jun,179,3,-1,0,
42,,single,,yes,61,no,no,,20,jun,115,1,-1,0,
43,blue-collar,divorced,,yes,1,no,no,,20,jun,188,1,-1,0,
44,blue-collar,married,primary,yes,0,no,yes,,20,jun,144,1,-1,0,
30,blue-collar,divorced,secondary,yes,457,yes,no,,20,jun,115,20,-1,0,
41,management,married,secondary,yes,-771,no,yes,,20,jun,343,2,-1,0,
42,admin.,married,secondary,yes,-9,no,no,,20,jun,248,1,-1,0,
39,entrepreneur,divorced,tertiary,yes,-251,no,no,,20,jun,421,6,-1,0,
39,housemaid,divorced,secondary,yes,127,no,no,,20,jun,150,2,-1,0,
47,admin.,married,secondary,yes,-57,no,yes,,20,jun,93,2,-1,0,
50,entrepreneur,married,primary,yes,537,yes,no,,20,jun,11,15,-1,0,
37,entrepreneur,married,tertiary,yes,-456,yes,yes,,20,jun,42,7,-1,0,
37,services,divorced,primary,yes,-475,no,no,,20,jun,27,5,-1,0,
35,blue-collar,divorced,secondary,yes,-12,no,yes,,20,jun,714,4,-1,0,
27,blue-collar,single,secondary,yes,-27,no,no,,23,jun,498,2,-1,0,
29,blue-collar,single,secondary,yes,-580,yes,no,,23,jun,123,2,-1,0,
40,management,married,tertiary,yes,-1036,yes,yes,,23,jun,41,2,-1,0,
36,management,divorced,tertiary,yes,20,no,yes,,24,jun,62,5,-1,0,
47,blue-collar,divorced,secondary,yes,0,no,yes,,26,jun,622,3,-1,0,
32,blue-collar,single,secondary,yes,130,no,no,,26,jun,406,2,-1,0,
49,technician,married,secondary,yes,-1680,yes,yes,,27,jun,92,4,-1,0,
34,entrepreneur,married,secondary,yes,-868,yes,no,,30,jun,198,2,-1,0,
45,entrepreneur,married,secondary,yes,624,no,yes,,30,jun,50,1,-1,0,
44,admin.,married,secondary,yes,0,no,yes,,30,jun,76,3,-1,0,
59,retired,married,secondary,yes,49,no,yes,,1,jul,602,4,-1,0,
31,services,married,tertiary,yes,-90,no,yes,,1,jul,173,1,-1,0,
47,management,married,primary,yes,145,no,yes,,1,jul,163,1,-1,0,
45,unemployed,divorced,primary,yes,-249,yes,yes,,1,jul,92,1,-1,0,
30,services,single,secondary,yes,0,no,yes,,2,jul,95,3,-1,0,
45,technician,divorced,,yes,-25,no,yes,,3,jul,158,3,-1,0,
53,services,divorced,secondary,yes,0,no,yes,,3,jul,172,10,-1,0,
31,self-employed,married,secondary,yes,0,no,yes,,3,jul,327,3,-1,0,
35,admin.,married,secondary,yes,0,no,yes,,4,jul,105,3,-1,0,
43,technician,married,secondary,yes,-313,no,yes,cellular,7,jul,89,4,-1,0,
47,blue-collar,married,primary,yes,25,yes,yes,cellular,7,jul,142,3,-1,0,
51,self-employed,married,secondary,yes,34,no,yes,cellular,7,jul,200,1,-1,0,
34,blue-collar,single,primary,yes,-2,no,yes,cellular,7,jul,199,1,-1,0,
52,technician,divorced,tertiary,yes,-1014,no,yes,cellular,7,jul,154,1,-1,0,
31,housemaid,married,,yes,-6,no,yes,telephone,7,jul,94,2,-1,0,
41,blue-collar,single,secondary,yes,1085,yes,yes,cellular,7,jul,599,1,-1,0,
35,entrepreneur,married,primary,yes,25,no,yes,cellular,7,jul,236,1,-1,0,
49,blue-collar,married,primary,yes,-354,no,yes,cellular,7,jul,455,1,-1,0,
33,blue-collar,single,primary,yes,-15,no,yes,cellular,7,jul,326,2,-1,0,
26,blue-collar,single,secondary,yes,-8019,no,yes,cellular,7,jul,299,3,-1,0,
28,unemployed,single,secondary,yes,-1270,no,yes,telephone,7,jul,237,2,-1,0,
47,blue-collar,married,secondary,yes,-594,yes,yes,cellular,7,jul,100,4,-1,0,
60,management,married,tertiary,yes,-108,no,yes,cellular,7,jul,79,2,-1,0,
40,blue-collar,married,primary,yes,-23,no,yes,cellular,7,jul,756,3,-1,0,
36,blue-collar,single,,yes,-395,yes,no,telephone,7,jul,9,17,-1,0,
52,entrepreneur,married,tertiary,yes,-468,no,no,cellular,8,jul,534,1,-1,0,
45,blue-collar,married,secondary,yes,-605,yes,no,telephone,8,jul,208,5,-1,0,
32,management,married,tertiary,yes,2,no,no,cellular,8,jul,82,1,-1,0,
25,blue-collar,single,secondary,yes,-220,no,no,cellular,8,jul,152,1,-1,0,
27,technician,single,secondary,yes,0,no,yes,cellular,8,jul,732,1,-1,0,
33,entrepreneur,married,secondary,yes,-54,no,yes,cellular,8,jul,42,1,-1,0,
27,management,single,tertiary,yes,0,no,yes,cellular,8,jul,46,1,-1,0,
26,services,single,secondary,yes,74,no,no,cellular,8,jul,362,1,-1,0,
55,blue-collar,married,secondary,yes,67,no,no,cellular,8,jul,267,2,-1,0,
35,self-employed,married,tertiary,yes,28,no,yes,cellular,8,jul,259,1,-1,0,
35,entrepreneur,single,tertiary,yes,793,no,yes,cellular,8,jul,163,1,-1,0,
26,blue-collar,single,secondary,yes,81,no,yes,cellular,8,jul,803,2,-1,0,
34,technician,single,secondary,yes,-2,no,yes,cellular,8,jul,283,1,-1,0,
31,admin.,single,secondary,yes,4,yes,yes,cellular,8,jul,144,1,-1,0,
52,technician,married,secondary,yes,0,no,no,cellular,8,jul,584,2,-1,0,
42,blue-collar,married,secondary,yes,-29,no,yes,cellular,8,jul,294,2,-1,0,
27,admin.,single,secondary,yes,-110,no,yes,cellular,8,jul,90,2,-1,0,
34,blue-collar,married,secondary,yes,1,yes,no,cellular,9,jul,394,1,-1,0,
59,retired,married,,yes,-114,no,yes,cellular,9,jul,611,2,-1,0,
29,admin.,divorced,tertiary,yes,0,no,yes,cellular,9,jul,426,3,-1,0,
46,technician,married,secondary,yes,4,no,yes,cellular,9,jul,78,1,-1,0,
38,management,married,tertiary,yes,327,yes,yes,cellular,9,jul,556,5,-1,0,
56,blue-collar,married,primary,yes,-160,no,no,cellular,9,jul,96,2,-1,0,
47,blue-collar,single,secondary,yes,-380,no,no,cellular,9,jul,399,17,-1,0,
32,admin.,single,secondary,yes,-17,no,no,,9,jul,85,5,-1,0,
33,blue-collar,married,primary,yes,2,yes,yes,cellular,9,jul,227,1,-1,0,
38,entrepreneur,married,secondary,yes,15,yes,no,cellular,10,jul,121,1,-1,0,
28,blue-collar,single,secondary,yes,0,no,yes,cellular,10,jul,165,1,-1,0,
41,blue-collar,married,primary,yes,76,no,yes,cellular,10,jul,439,1,-1,0,
43,self-employed,married,secondary,yes,-1415,no,no,cellular,10,jul,58,1,-1,0,
35,blue-collar,divorced,primary,yes,0,yes,no,cellular,10,jul,187,1,-1,0,
29,technician,single,secondary,yes,-33,no,yes,cellular,10,jul,171,1,-1,0,
37,blue-collar,divorced,secondary,yes,-54,yes,no,cellular,10,jul,573,6,-1,0,
46,blue-collar,married,secondary,yes,-319,no,yes,cellular,10,jul,502,2,-1,0,
37,unemployed,single,tertiary,yes,0,yes,no,cellular,10,jul,108,1,-1,0,
50,services,married,secondary,yes,892,yes,no,cellular,10,jul,189,1,-1,0,
52,blue-collar,single,tertiary,yes,-517,no,yes,cellular,10,jul,340,1,-1,0,
34,blue-collar,married,secondary,yes,-745,yes,yes,cellular,11,jul,131,2,-1,0,
44,services,married,secondary,yes,-146,yes,no,cellular,11,jul,256,2,-1,0,
31,services,single,primary,yes,-357,yes,yes,cellular,11,jul,215,2,-1,0,
44,management,married,secondary,yes,0,yes,no,cellular,11,jul,96,2,-1,0,
43,technician,divorced,secondary,yes,73,yes,no,cellular,14,jul,324,2,-1,0,
33,blue-collar,married,secondary,yes,-406,yes,yes,cellular,14,jul,332,2,-1,0,
52,blue-collar,single,primary,yes,-2,no,no,cellular,14,jul,349,2,-1,0,
59,retired,single,secondary,yes,-341,no,yes,cellular,14,jul,94,3,-1,0,
27,admin.,married,secondary,yes,-517,yes,no,cellular,14,jul,172,3,-1,0,
27,housemaid,married,primary,yes,-238,no,no,cellular,14,jul,132,4,-1,0,
31,management,married,tertiary,yes,0,no,no,cellular,14,jul,118,4,-1,0,
41,technician,married,secondary,yes,-1,no,no,cellular,14,jul,140,2,-1,0,
52,entrepreneur,married,secondary,yes,-36,no,yes,cellular,15,jul,199,4,-1,0,
26,services,married,secondary,yes,27,yes,no,telephone,15,jul,49,3,-1,0,
60,management,divorced,tertiary,yes,20,no,yes,telephone,15,jul,207,3,-1,0,
36,services,divorced,secondary,yes,0,no,yes,cellular,15,jul,687,7,-1,0,
45,blue-collar,single,primary,yes,-183,no,yes,cellular,15,jul,395,4,-1,0,
45,blue-collar,single,secondary,yes,0,no,yes,cellular,16,jul,154,2,-1,0,
32,technician,single,secondary,yes,0,no,yes,cellular,16,jul,195,1,-1,0,
28,admin.,married,secondary,yes,105,no,no,cellular,16,jul,130,1,-1,0,
39,entrepreneur,married,secondary,yes,0,no,no,cellular,16,jul,528,9,-1,0,
54,blue-collar,married,secondary,yes,381,yes,yes,telephone,16,jul,198,1,-1,0,
26,admin.,single,secondary,yes,0,yes,no,cellular,16,jul,157,2,-1,0,
39,management,married,tertiary,yes,-1586,yes,yes,cellular,16,jul,89,2,-1,0,
31,services,married,secondary,yes,-455,no,yes,cellular,16,jul,168,2,-1,0,
31,management,married,tertiary,yes,-1038,yes,no,cellular,16,jul,255,2,-1,0,
37,management,married,secondary,yes,33,no,yes,cellular,17,jul,117,1,-1,0,
37,self-employed,married,secondary,yes,0,yes,no,cellular,17,jul,158,1,-1,0,
27,housemaid,married,secondary,yes,65,yes,yes,cellular,17,jul,59,1,-1,0,
26,student,single,tertiary,yes,47,no,yes,cellular,17,jul,257,2,-1,0,
38,services,married,primary,yes,1,yes,no,cellular,17,jul,169,7,-1,0,
37,management,married,tertiary,yes,0,no,no,cellular,17,jul,91,2,-1,0,
45,services,married,secondary,yes,144,no,no,cellular,18,jul,95,8,-1,0,
43,management,single,secondary,yes,-1164,yes,yes,cellular,18,jul,76,4,-1,0,
56,blue-collar,divorced,primary,yes,-1,no,no,cellular,18,jul,304,3,-1,0,
29,services,single,secondary,yes,-308,no,no,cellular,18,jul,113,1,-1,0,
29,blue-collar,married,secondary,yes,-643,yes,no,cellular,18,jul,277,1,-1,0,
31,technician,married,secondary,yes,-367,yes,no,cellular,18,jul,474,2,-1,0,
59,retired,married,secondary,yes,-2,no,yes,cellular,18,jul,102,1,-1,0,
29,entrepreneur,married,secondary,yes,-388,yes,no,cellular,18,jul,411,3,-1,0,
30,services,single,secondary,yes,-366,yes,no,cellular,18,jul,516,1,-1,0,
29,technician,single,secondary,yes,28,yes,no,cellular,18,jul,203,1,-1,0,
27,self-employed,single,tertiary,yes,5,no,yes,cellular,18,jul,384,1,-1,0,
31,admin.,single,secondary,yes,-429,no,yes,cellular,18,jul,292,3,-1,0,
37,housemaid,married,secondary,yes,-205,no,yes,cellular,18,jul,199,1,-1,0,
50,management,married,tertiary,yes,161,no,yes,cellular,18,jul,642,1,-1,0,
26,technician,single,secondary,yes,-454,no,yes,cellular,18,jul,652,2,-1,0,
57,management,married,tertiary,yes,1218,yes,no,cellular,18,jul,317,6,-1,0,
38,admin.,single,secondary,yes,-61,no,yes,cellular,18,jul,102,2,-1,0,
45,blue-collar,married,primary,yes,153,no,yes,cellular,18,jul,706,9,-1,0,
43,management,married,tertiary,yes,0,no,no,cellular,21,jul,455,2,-1,0,
49,management,married,tertiary,yes,-6847,no,yes,cellular,21,jul,206,1,-1,0,
28,blue-collar,married,primary,yes,-124,yes,no,cellular,21,jul,116,3,-1,0,
54,housemaid,divorced,secondary,yes,34,no,no,cellular,21,jul,208,3,-1,0,
26,housemaid,single,primary,yes,-1006,yes,yes,cellular,21,jul,222,1,-1,0,
37,self-employed,married,secondary,yes,0,no,yes,cellular,21,jul,320,1,-1,0,
42,technician,married,secondary,yes,55,yes,no,cellular,21,jul,291,1,-1,0,
40,technician,single,secondary,yes,96,no,yes,cellular,21,jul,181,2,-1,0,
38,admin.,divorced,secondary,yes,0,no,yes,cellular,21,jul,126,3,-1,0,
41,blue-collar,married,secondary,yes,-750,yes,yes,cellular,21,jul,251,3,-1,0,
38,services,married,secondary,yes,-433,yes,no,cellular,21,jul,111,2,-1,0,
51,technician,divorced,secondary,yes,-113,no,yes,cellular,22,jul,314,4,-1,0,
35,management,married,tertiary,yes,8,yes,no,cellular,22,jul,56,3,-1,0,
43,blue-collar,married,primary,yes,0,no,yes,cellular,22,jul,431,8,-1,0,
55,services,divorced,secondary,yes,-404,yes,no,cellular,22,jul,502,3,-1,0,
27,services,single,secondary,yes,-1,no,no,cellular,22,jul,60,2,-1,0,
26,services,single,secondary,yes,0,no,yes,cellular,22,jul,240,10,-1,0,
34,blue-collar,married,secondary,yes,-7,yes,no,cellular,22,jul,143,5,-1,0,
31,management,married,secondary,yes,0,no,yes,cellular,23,jul,111,1,-1,0,
49,admin.,divorced,secondary,yes,2405,yes,no,cellular,23,jul,216,8,-1,0,
35,management,married,secondary,yes,-550,no,yes,cellular,23,jul,874,3,-1,0,
29,blue-collar,married,,yes,163,yes,yes,cellular,23,jul,586,2,-1,0,
48,services,single,secondary,yes,-470,yes,no,cellular,23,jul,544,11,-1,0,
52,blue-collar,married,primary,yes,0,no,no,cellular,23,jul,322,3,-1,0,
40,blue-collar,single,secondary,yes,61,no,no,cellular,23,jul,68,2,-1,0,
28,services,single,secondary,yes,-7,no,yes,cellular,23,jul,293,5,-1,0,
42,admin.,divorced,secondary,yes,0,no,no,cellular,24,jul,226,1,-1,0,
57,retired,divorced,primary,yes,0,no,yes,cellular,24,jul,125,2,-1,0,
37,technician,married,secondary,yes,0,no,yes,cellular,24,jul,101,1,-1,0,
24,unemployed,single,tertiary,yes,-164,yes,yes,cellular,24,jul,117,4,-1,0,
38,blue-collar,single,primary,yes,-129,yes,no,cellular,24,jul,138,2,-1,0,
53,management,married,tertiary,yes,-252,no,yes,cellular,24,jul,223,2,-1,0,
52,management,divorced,tertiary,yes,0,no,no,cellular,24,jul,335,1,-1,0,
37,management,divorced,primary,yes,0,yes,no,telephone,24,jul,305,1,-1,0,
41,blue-collar,married,secondary,yes,720,no,yes,cellular,24,jul,651,1,-1,0,
34,technician,single,secondary,yes,103,yes,yes,cellular,24,jul,147,1,-1,0,
45,management,married,tertiary,yes,-577,yes,yes,cellular,24,jul,204,1,-1,0,
30,management,single,secondary,yes,-985,no,no,telephone,24,jul,28,4,-1,0,
32,management,single,tertiary,yes,62,no,yes,cellular,24,jul,577,3,-1,0,
35,technician,single,secondary,yes,0,no,no,cellular,25,jul,72,3,-1,0,
32,services,married,secondary,yes,-220,yes,yes,cellular,25,jul,123,2,-1,0,
32,blue-collar,married,secondary,yes,-49,yes,no,cellular,25,jul,173,8,-1,0,
26,self-employed,married,secondary,yes,254,yes,yes,cellular,25,jul,335,1,-1,0,
57,entrepreneur,married,secondary,yes,-525,no,yes,cellular,25,jul,337,1,-1,0,
38,housemaid,married,primary,yes,0,no,no,cellular,25,jul,267,1,-1,0,
33,services,married,secondary,yes,-319,yes,no,cellular,25,jul,142,1,-1,0,
31,blue-collar,single,secondary,yes,-535,yes,no,cellular,25,jul,163,1,-1,0,
26,entrepreneur,married,tertiary,yes,144,no,yes,cellular,25,jul,730,1,-1,0,
59,housemaid,divorced,primary,yes,0,no,yes,cellular,25,jul,1368,2,-1,0,
31,services,single,secondary,yes,-21,no,yes,cellular,25,jul,507,1,-1,0,
58,entrepreneur,married,tertiary,yes,0,no,yes,cellular,25,jul,138,4,-1,0,
34,entrepreneur,single,secondary,yes,-200,no,yes,cellular,25,jul,248,5,-1,0,
26,services,divorced,primary,yes,2,yes,yes,cellular,25,jul,22,16,-1,0,
51,entrepreneur,married,secondary,yes,-2082,no,yes,cellular,28,jul,123,6,-1,0,
47,blue-collar,divorced,primary,yes,0,yes,no,cellular,28,jul,327,3,-1,0,
28,management,married,tertiary,yes,84,no,yes,cellular,28,jul,48,21,-1,0,
51,self-employed,married,secondary,yes,-206,no,yes,cellular,28,jul,51,3,-1,0,
31,management,single,secondary,yes,20,yes,no,cellular,28,jul,141,5,-1,0,
39,admin.,married,secondary,yes,-104,yes,no,cellular,28,jul,290,2,-1,0,
43,blue-collar,single,primary,yes,69,no,yes,cellular,28,jul,267,5,-1,0,
40,management,married,tertiary,yes,0,no,no,cellular,28,jul,165,5,-1,0,
26,blue-collar,single,secondary,yes,-685,yes,yes,cellular,28,jul,314,4,-1,0,
60,retired,married,secondary,yes,879,yes,yes,cellular,29,jul,62,8,-1,0,
26,blue-collar,single,primary,yes,344,no,yes,cellular,29,jul,62,4,-1,0,
49,services,married,secondary,yes,-249,no,no,cellular,29,jul,234,5,-1,0,
40,admin.,married,secondary,yes,94,no,no,cellular,29,jul,117,2,-1,0,
51,management,married,tertiary,yes,0,no,yes,cellular,29,jul,204,6,-1,0,
43,entrepreneur,married,tertiary,yes,0,no,yes,telephone,29,jul,184,4,-1,0,
29,management,single,tertiary,yes,-1661,no,yes,cellular,29,jul,95,6,-1,0,
52,services,divorced,primary,yes,-1,no,yes,cellular,29,jul,112,6,-1,0,
26,admin.,single,secondary,yes,-42,no,yes,cellular,30,jul,305,3,-1,0,
47,blue-collar,divorced,secondary,yes,-535,yes,no,cellular,30,jul,71,2,-1,0,
46,management,married,secondary,yes,-333,no,yes,cellular,30,jul,597,2,-1,0,
44,unemployed,single,primary,yes,-4,no,yes,cellular,30,jul,788,2,-1,0,
49,entrepreneur,divorced,,yes,-701,yes,no,cellular,30,jul,988,2,-1,0,
57,blue-collar,married,primary,yes,195,no,yes,telephone,30,jul,185,4,-1,0,
41,services,married,,yes,-1,no,yes,cellular,30,jul,1171,4,-1,0,
38,technician,married,secondary,yes,238,no,no,cellular,30,jul,376,8,-1,0,
51,technician,married,secondary,yes,61,no,yes,telephone,30,jul,27,20,-1,0,
51,admin.,married,secondary,yes,-160,no,yes,cellular,30,jul,118,4,-1,0,
40,admin.,married,secondary,yes,-444,no,yes,telephone,30,jul,168,8,-1,0,
53,management,divorced,tertiary,yes,0,yes,yes,cellular,30,jul,75,5,-1,0,
27,housemaid,single,secondary,yes,-319,no,yes,cellular,30,jul,89,2,-1,0,
30,management,single,tertiary,yes,35,no,no,cellular,30,jul,185,4,-1,0,
26,services,married,secondary,yes,13,yes,yes,cellular,30,jul,21,25,-1,0,
35,technician,married,secondary,yes,-1322,yes,no,cellular,30,jul,105,11,-1,0,
38,technician,married,secondary,yes,0,no,yes,cellular,31,jul,44,28,-1,0,
37,management,married,,yes,62,yes,no,cellular,31,jul,85,4,-1,0,
39,services,married,secondary,yes,-697,yes,no,cellular,31,jul,423,2,-1,0,
48,entrepreneur,married,tertiary,yes,-392,no,no,cellular,31,jul,725,4,-1,0,
43,technician,single,secondary,yes,685,yes,no,cellular,31,jul,94,2,-1,0,
47,housemaid,married,secondary,yes,-1531,yes,no,cellular,31,jul,156,8,-1,0,
48,management,married,tertiary,yes,0,yes,no,cellular,31,jul,281,4,-1,0,
50,services,married,secondary,yes,0,no,no,telephone,31,jul,35,9,-1,0,
49,entrepreneur,divorced,primary,yes,-736,no,no,cellular,31,jul,305,6,-1,0,
40,technician,married,tertiary,yes,-2827,yes,yes,cellular,31,jul,843,1,-1,0,
41,management,married,tertiary,yes,-1176,yes,yes,cellular,31,jul,81,1,-1,0,
44,admin.,single,,yes,-612,yes,no,cellular,31,jul,297,1,-1,0,
44,technician,married,secondary,yes,-251,no,yes,telephone,31,jul,13,16,-1,0,
27,admin.,single,secondary,yes,1110,yes,yes,cellular,31,jul,25,36,-1,0,
49,unemployed,married,primary,yes,11,yes,no,telephone,31,jul,166,8,-1,0,
43,management,single,primary,yes,-39,yes,no,cellular,31,jul,9,23,-1,0,
56,technician,married,tertiary,yes,-736,no,no,cellular,31,jul,258,8,-1,0,
28,unemployed,married,primary,yes,44,yes,no,cellular,31,jul,6,13,-1,0,
29,management,married,tertiary,yes,53,yes,no,cellular,31,jul,27,17,-1,0,
53,technician,divorced,secondary,yes,-63,no,yes,cellular,4,aug,531,1,-1,0,
50,management,married,tertiary,yes,37,no,no,cellular,4,aug,869,1,-1,0,
60,entrepreneur,married,,yes,-284,yes,yes,cellular,4,aug,67,8,-1,0,
59,retired,married,primary,yes,-1,no,no,cellular,5,aug,229,2,-1,0,
48,management,married,tertiary,yes,-4,no,no,cellular,5,aug,97,1,-1,0,
42,technician,married,secondary,yes,-197,yes,no,cellular,6,aug,66,7,-1,0,
36,management,divorced,tertiary,yes,36,no,no,cellular,6,aug,836,4,-1,0,
56,services,married,secondary,yes,-8,no,no,cellular,6,aug,159,2,-1,0,
43,self-employed,married,primary,yes,385,no,no,cellular,6,aug,359,2,-1,0,
37,technician,single,secondary,yes,-56,yes,no,cellular,6,aug,291,4,-1,0,
46,blue-collar,married,primary,yes,575,no,no,cellular,6,aug,127,3,-1,0,
55,technician,divorced,secondary,yes,284,yes,no,cellular,7,aug,78,2,-1,0,
59,admin.,married,secondary,yes,-131,no,no,cellular,7,aug,144,2,-1,0,
30,technician,single,secondary,yes,1,no,no,cellular,7,aug,407,4,-1,0,
34,management,married,tertiary,yes,38,no,no,cellular,8,aug,52,11,-1,0,
46,management,single,tertiary,yes,-344,no,no,cellular,8,aug,142,4,-1,0,
46,technician,divorced,secondary,yes,-11,no,no,cellular,11,aug,139,2,-1,0,
40,technician,married,secondary,yes,32,yes,no,cellular,11,aug,55,4,-1,0,
37,technician,married,tertiary,yes,-681,yes,yes,cellular,11,aug,280,3,-1,0,
35,management,single,tertiary,yes,-1980,yes,yes,cellular,11,aug,227,1,-1,0,
59,retired,married,primary,yes,-13,no,no,cellular,11,aug,77,1,-1,0,
42,technician,single,secondary,yes,0,no,yes,cellular,12,aug,51,4,-1,0,
31,management,married,tertiary,yes,-253,no,no,cellular,12,aug,220,4,-1,0,
33,technician,single,secondary,yes,329,no,no,cellular,12,aug,137,2,-1,0,
30,technician,single,tertiary,yes,23,no,no,cellular,12,aug,72,4,-1,0,
36,technician,single,secondary,yes,12,no,no,cellular,12,aug,587,2,-1,0,
45,admin.,married,secondary,yes,-571,no,no,cellular,13,aug,332,2,-1,0,
31,entrepreneur,single,tertiary,yes,-405,yes,yes,cellular,13,aug,703,2,-1,0,
59,management,married,tertiary,yes,782,no,yes,cellular,13,aug,127,2,-1,0,
34,technician,single,secondary,yes,-14,no,no,cellular,14,aug,85,2,-1,0,
30,technician,single,secondary,yes,-305,no,yes,cellular,14,aug,108,6,-1,0,
58,retired,divorced,secondary,yes,-397,no,yes,cellular,14,aug,386,1,-1,0,
51,management,single,tertiary,yes,-55,yes,no,cellular,18,aug,119,6,-1,0,
33,management,single,tertiary,yes,-5,no,no,cellular,18,aug,127,4,-1,0,
60,retired,married,secondary,yes,0,no,no,cellular,19,aug,316,2,-1,0,
39,management,single,tertiary,yes,-401,yes,no,cellular,19,aug,274,4,-1,0,
33,technician,married,secondary,yes,18,no,yes,cellular,19,aug,19,18,-1,0,
53,blue-collar,married,secondary,yes,-634,no,no,cellular,19,aug,695,3,-1,0,
48,services,married,secondary,yes,-20,no,no,cellular,20,aug,142,2,-1,0,
33,technician,single,secondary,yes,-374,no,yes,cellular,20,aug,160,2,-1,0,
51,admin.,married,,yes,-12,no,no,cellular,20,aug,18,7,-1,0,
33,management,married,secondary,yes,7,no,yes,cellular,20,aug,239,2,-1,0,
33,technician,married,tertiary,yes,56,no,no,cellular,20,aug,75,2,-1,0,
46,services,married,secondary,yes,130,no,no,cellular,20,aug,95,2,-1,0,
40,technician,married,secondary,yes,-432,yes,yes,cellular,20,aug,1464,3,-1,0,
34,housemaid,married,secondary,yes,0,no,no,cellular,21,aug,398,2,-1,0,
32,self-employed,married,secondary,yes,9,no,no,cellular,21,aug,331,2,-1,0,
31,technician,single,tertiary,yes,24,no,no,cellular,21,aug,246,2,-1,0,
46,management,married,tertiary,yes,-337,no,yes,cellular,21,aug,120,2,-1,0,
42,management,single,tertiary,yes,0,no,yes,cellular,21,aug,384,5,-1,0,
50,services,divorced,secondary,yes,-210,no,yes,cellular,21,aug,153,7,-1,0,
46,management,married,tertiary,yes,549,no,no,cellular,21,aug,87,8,-1,0,
33,technician,divorced,secondary,yes,6,no,no,cellular,22,aug,239,2,-1,0,
47,management,married,secondary,yes,0,no,yes,cellular,22,aug,644,9,-1,0,
34,technician,married,secondary,yes,-172,no,no,cellular,22,aug,177,2,-1,0,
44,management,divorced,tertiary,yes,-26,no,no,cellular,22,aug,92,4,-1,0,
50,management,married,tertiary,yes,72,no,no,cellular,22,aug,171,13,-1,0,
32,technician,married,secondary,yes,4,yes,yes,cellular,25,aug,132,8,-1,0,
41,management,divorced,tertiary,yes,-68,yes,yes,cellular,25,aug,463,22,-1,0,
60,management,married,tertiary,yes,-311,no,no,cellular,25,aug,151,6,-1,0,
47,blue-collar,married,,yes,162,no,no,cellular,25,aug,366,3,-1,0,
44,management,married,tertiary,yes,-11,no,no,cellular,26,aug,317,5,-1,0,
45,management,married,tertiary,yes,-190,no,yes,cellular,26,aug,92,4,-1,0,
31,admin.,married,secondary,yes,-51,no,yes,cellular,26,aug,173,2,-1,0,
30,management,married,secondary,yes,471,yes,no,cellular,26,aug,73,4,-1,0,
32,management,single,tertiary,yes,5,yes,no,cellular,26,aug,520,4,-1,0,
55,self-employed,married,secondary,yes,0,no,no,cellular,26,aug,172,5,-1,0,
36,technician,single,secondary,yes,0,no,yes,cellular,26,aug,109,14,-1,0,
50,blue-collar,married,secondary,yes,0,yes,no,cellular,26,aug,240,5,-1,0,
33,technician,single,secondary,yes,-173,no,no,cellular,27,aug,342,4,-1,0,
51,blue-collar,married,primary,yes,-17,no,no,cellular,27,aug,134,6,-1,0,
49,technician,married,secondary,yes,410,no,no,cellular,27,aug,117,7,-1,0,
41,management,married,tertiary,yes,852,yes,yes,cellular,27,aug,157,10,-1,0,
43,management,married,tertiary,yes,0,no,no,cellular,27,aug,25,19,-1,0,
48,technician,divorced,secondary,yes,20,no,no,cellular,27,aug,145,3,-1,0,
40,management,married,secondary,yes,-1545,no,no,cellular,27,aug,70,13,-1,0,
34,technician,single,tertiary,yes,-1,no,no,cellular,27,aug,787,13,-1,0,
40,self-employed,married,secondary,yes,2,no,no,cellular,27,aug,158,3,-1,0,
40,technician,married,secondary,yes,4,no,no,cellular,27,aug,145,3,-1,0,
58,retired,married,secondary,yes,-146,no,yes,cellular,28,aug,192,8,-1,0,
56,retired,married,primary,yes,-123,no,yes,cellular,28,aug,146,3,-1,0,
53,services,married,secondary,yes,2262,no,no,cellular,28,aug,116,8,-1,0,
53,housemaid,married,primary,yes,42,no,no,cellular,28,aug,81,4,-1,0,
34,technician,single,tertiary,yes,-6,no,no,cellular,28,aug,79,8,-1,0,
47,services,married,,yes,0,no,no,cellular,28,aug,21,22,-1,0,
34,management,single,tertiary,yes,621,no,no,cellular,28,aug,205,3,-1,0,
40,technician,married,secondary,yes,0,no,no,cellular,28,aug,147,2,-1,0,
36,technician,married,tertiary,yes,63,no,no,cellular,28,aug,12,14,-1,0,
35,technician,single,secondary,yes,-30,no,no,cellular,28,aug,32,2,-1,0,
32,technician,single,secondary,yes,-1,no,no,cellular,29,aug,185,2,-1,0,
33,technician,married,secondary,yes,-708,no,no,cellular,29,aug,93,2,-1,0,
34,technician,married,secondary,yes,91,no,no,cellular,29,aug,67,4,-1,0,
41,admin.,married,secondary,yes,-120,no,no,cellular,29,aug,76,4,-1,0,
37,technician,married,secondary,yes,-3,no,no,cellular,29,aug,122,4,-1,0,
43,technician,single,tertiary,yes,0,no,no,cellular,29,aug,73,4,-1,0,
37,management,married,tertiary,yes,0,no,no,cellular,17,nov,44,1,123,2,failure
54,management,married,secondary,yes,5249,yes,no,cellular,17,nov,108,1,-1,0,
48,technician,married,secondary,yes,295,no,yes,cellular,17,nov,190,2,-1,0,
57,management,married,tertiary,yes,-24,yes,no,telephone,17,nov,14,1,-1,0,
53,retired,single,secondary,yes,-741,yes,yes,cellular,17,nov,53,1,-1,0,
41,self-employed,married,secondary,yes,0,yes,no,cellular,17,nov,789,1,-1,0,
37,services,married,secondary,yes,-954,yes,no,cellular,17,nov,69,1,180,3,failure
46,blue-collar,married,tertiary,yes,-388,no,no,cellular,18,nov,295,2,-1,0,
33,management,divorced,tertiary,yes,280,no,yes,cellular,18,nov,155,1,-1,0,
51,entrepreneur,married,tertiary,yes,4,yes,no,cellular,18,nov,80,1,-1,0,
38,entrepreneur,single,tertiary,yes,0,yes,no,cellular,18,nov,120,1,-1,0,
49,management,married,tertiary,yes,-24,no,no,cellular,18,nov,132,3,-1,0,
30,technician,single,secondary,yes,-305,no,yes,cellular,18,nov,37,1,96,6,failure
37,self-employed,divorced,tertiary,yes,353,yes,yes,cellular,18,nov,134,1,-1,0,
43,technician,single,secondary,yes,685,yes,no,cellular,18,nov,78,1,110,2,failure
35,admin.,married,secondary,yes,0,yes,yes,cellular,18,nov,17,1,-1,0,
42,management,single,tertiary,yes,130,yes,yes,cellular,18,nov,112,1,-1,0,
34,entrepreneur,single,tertiary,yes,1709,no,yes,cellular,18,nov,288,1,-1,0,
46,technician,divorced,secondary,yes,-1361,yes,yes,cellular,18,nov,78,1,-1,0,
47,unemployed,married,secondary,yes,0,no,no,cellular,18,nov,81,2,-1,0,
49,blue-collar,single,primary,yes,-2604,yes,no,cellular,18,nov,142,1,-1,0,
38,management,married,tertiary,yes,540,no,no,cellular,18,nov,205,1,-1,0,
54,management,married,tertiary,yes,0,no,yes,cellular,18,nov,283,1,-1,0,
52,entrepreneur,married,tertiary,yes,-2,no,no,cellular,18,nov,245,1,-1,0,
31,management,single,secondary,yes,0,no,no,cellular,18,nov,129,2,-1,0,
42,services,married,secondary,yes,129,no,no,cellular,18,nov,390,3,-1,0,
33,technician,divorced,secondary,yes,10,yes,yes,cellular,18,nov,167,5,-1,0,
46,management,single,secondary,yes,177,no,no,cellular,18,nov,437,1,-1,0,
48,management,married,secondary,yes,-998,yes,no,cellular,18,nov,173,1,-1,0,
31,technician,divorced,tertiary,yes,1200,no,no,cellular,19,nov,62,1,-1,0,
48,technician,married,primary,yes,-530,no,yes,cellular,19,nov,119,1,-1,0,
37,technician,divorced,secondary,yes,0,no,yes,cellular,19,nov,134,1,-1,0,
35,unemployed,single,secondary,yes,-126,no,no,cellular,19,nov,168,1,-1,0,
36,management,married,tertiary,yes,-485,yes,no,cellular,19,nov,278,1,-1,0,
30,blue-collar,single,secondary,yes,447,no,no,cellular,19,nov,426,2,189,6,failure
41,blue-collar,single,secondary,yes,81,no,no,cellular,19,nov,212,3,-1,0,
33,management,married,tertiary,yes,-148,yes,yes,cellular,19,nov,340,2,-1,0,
48,retired,married,primary,yes,-285,no,yes,cellular,19,nov,157,1,-1,0,
49,technician,married,secondary,yes,-74,yes,no,cellular,19,nov,114,1,-1,0,
44,management,single,tertiary,yes,12,yes,no,cellular,19,nov,126,2,-1,0,
41,entrepreneur,divorced,tertiary,yes,0,yes,no,cellular,19,nov,21,10,-1,0,
33,unemployed,married,secondary,yes,-108,yes,yes,cellular,19,nov,286,3,-1,0,
56,self-employed,married,tertiary,yes,0,no,no,cellular,19,nov,122,1,-1,0,
32,technician,single,tertiary,yes,0,no,no,cellular,19,nov,122,2,-1,0,
37,services,married,primary,yes,-483,yes,yes,cellular,19,nov,70,3,-1,0,
44,technician,married,secondary,yes,16486,yes,yes,cellular,19,nov,275,3,-1,0,
30,unemployed,married,secondary,yes,19,no,no,cellular,19,nov,186,5,-1,0,
38,self-employed,divorced,secondary,yes,2,no,no,cellular,20,nov,291,2,-1,0,
33,admin.,single,secondary,yes,-266,no,yes,cellular,20,nov,459,1,-1,0,
41,blue-collar,single,secondary,yes,-386,no,yes,cellular,20,nov,477,1,-1,0,
52,management,married,primary,yes,57,yes,yes,cellular,20,nov,45,1,196,1,failure
51,blue-collar,divorced,secondary,yes,56,yes,yes,cellular,20,nov,71,2,-1,0,
50,management,married,secondary,yes,421,no,no,cellular,20,nov,22,5,-1,0,
31,self-employed,single,tertiary,yes,-282,yes,no,cellular,20,nov,131,3,-1,0,
49,blue-collar,married,primary,yes,-98,yes,no,cellular,20,nov,182,2,-1,0,
53,self-employed,divorced,tertiary,yes,10,no,no,cellular,20,nov,75,3,-1,0,
44,management,married,tertiary,yes,53,yes,no,cellular,20,nov,233,4,-1,0,
42,admin.,divorced,secondary,yes,723,no,no,cellular,20,nov,298,2,112,2,other
46,management,married,tertiary,yes,-1001,yes,no,cellular,21,nov,45,3,-1,0,
33,blue-collar,married,primary,yes,0,yes,no,cellular,21,nov,675,1,-1,0,
47,technician,married,tertiary,yes,-813,yes,yes,cellular,21,nov,85,2,158,25,failure
31,entrepreneur,single,tertiary,yes,-405,yes,yes,cellular,21,nov,846,1,100,2,success
37,management,divorced,tertiary,yes,26,no,yes,cellular,21,nov,22,1,-1,0,
35,unemployed,married,secondary,yes,1054,yes,yes,cellular,21,nov,106,1,-1,0,
42,management,single,tertiary,yes,0,yes,no,cellular,21,nov,824,1,-1,0,
32,unemployed,single,primary,yes,0,no,no,cellular,21,nov,149,1,-1,0,
33,entrepreneur,single,secondary,yes,-1,yes,no,cellular,21,nov,214,2,-1,0,
45,management,married,secondary,yes,237,yes,no,cellular,21,nov,526,1,-1,0,
35,management,married,tertiary,yes,0,yes,yes,cellular,21,nov,70,1,-1,0,
36,entrepreneur,married,secondary,yes,1,yes,no,cellular,21,nov,203,1,-1,0,
35,management,married,tertiary,yes,32,yes,no,cellular,21,nov,180,1,-1,0,
39,management,married,tertiary,yes,47,no,no,cellular,21,nov,28,3,158,3,failure
49,management,married,tertiary,yes,10,yes,no,cellular,21,nov,226,1,-1,0,
56,retired,married,secondary,yes,-1122,yes,yes,cellular,21,nov,220,1,-1,0,
34,management,married,tertiary,yes,0,no,yes,cellular,21,nov,18,9,-1,0,
44,management,married,tertiary,yes,0,yes,no,cellular,21,nov,123,2,-1,0,
31,services,married,secondary,yes,29,no,no,cellular,21,nov,240,3,-1,0,
41,admin.,single,secondary,yes,0,no,yes,cellular,21,nov,305,6,-1,0,
31,services,married,secondary,yes,-158,yes,no,cellular,21,nov,214,2,-1,0,
45,retired,single,secondary,yes,86,no,no,cellular,21,nov,64,5,-1,0,
36,blue-collar,married,tertiary,yes,-530,yes,no,cellular,21,nov,36,2,-1,0,
40,blue-collar,divorced,primary,yes,0,yes,no,telephone,21,nov,333,3,-1,0,
55,technician,divorced,secondary,yes,4,no,no,cellular,28,jan,1048,1,-1,0,
33,blue-collar,married,secondary,yes,-354,yes,yes,cellular,28,jan,104,1,245,2,failure
54,admin.,married,secondary,yes,-1089,no,yes,cellular,28,jan,105,2,-1,0,
31,services,single,,yes,-10,no,no,cellular,28,jan,134,2,-1,0,
27,self-employed,married,secondary,yes,254,yes,yes,cellular,29,jan,194,1,188,1,failure
53,blue-collar,married,primary,yes,-462,no,no,cellular,29,jan,470,1,-1,0,
32,management,single,tertiary,yes,4,no,no,cellular,29,jan,181,1,-1,0,
37,management,married,tertiary,yes,-22,no,no,cellular,29,jan,128,1,-1,0,
26,management,divorced,tertiary,yes,-402,no,yes,cellular,29,jan,66,2,262,2,failure
40,technician,single,secondary,yes,45,no,yes,cellular,29,jan,261,1,182,23,other
53,housemaid,married,primary,yes,945,no,no,cellular,29,jan,82,2,-1,0,
47,management,married,tertiary,yes,-337,no,yes,cellular,29,jan,243,4,161,2,failure
35,technician,divorced,secondary,yes,362,no,no,cellular,29,jan,329,2,240,8,other
27,blue-collar,single,secondary,yes,81,no,yes,cellular,29,jan,123,2,205,2,success
48,unemployed,married,primary,yes,-6,no,no,cellular,29,jan,362,2,-1,0,
30,services,single,secondary,yes,-261,yes,no,cellular,29,jan,1139,2,255,1,other
27,management,single,primary,yes,13,no,no,cellular,30,jan,475,3,-1,0,
32,management,married,primary,yes,-1161,yes,yes,cellular,30,jan,445,5,-1,0,
55,technician,married,secondary,yes,-308,no,no,cellular,2,feb,781,1,-1,0,
31,technician,single,secondary,yes,25,no,no,cellular,2,feb,381,1,-1,0,
27,management,single,tertiary,yes,1414,yes,no,cellular,2,feb,95,1,-1,0,
43,management,married,secondary,yes,16,no,no,cellular,2,feb,154,2,-1,0,
48,blue-collar,divorced,secondary,yes,-535,yes,no,cellular,2,feb,115,2,187,2,failure
45,admin.,married,secondary,yes,1,no,no,telephone,2,feb,1028,2,207,1,other
40,blue-collar,married,secondary,yes,231,yes,no,cellular,2,feb,69,3,-1,0,
55,admin.,single,secondary,yes,986,no,yes,cellular,2,feb,12,3,-1,0,
43,blue-collar,married,secondary,yes,128,yes,no,cellular,3,feb,71,1,-1,0,
33,blue-collar,married,secondary,yes,-266,yes,yes,cellular,3,feb,16,7,-1,0,
42,services,single,secondary,yes,58,no,no,cellular,3,feb,428,1,-1,0,
36,blue-collar,married,secondary,yes,13,no,yes,cellular,3,feb,150,4,-1,0,
58,entrepreneur,single,tertiary,yes,6162,no,yes,telephone,3,feb,112,1,-1,0,
45,self-employed,divorced,tertiary,yes,75,yes,yes,cellular,4,feb,236,1,-1,0,
59,management,divorced,tertiary,yes,0,no,no,cellular,4,feb,47,2,-1,0,
46,blue-collar,divorced,primary,yes,-17,no,yes,cellular,4,feb,81,2,-1,0,
42,management,married,tertiary,yes,0,yes,no,cellular,4,feb,358,2,-1,0,
54,retired,divorced,secondary,yes,-200,no,yes,cellular,4,feb,71,1,243,1,failure
32,entrepreneur,single,primary,yes,-849,yes,yes,cellular,4,feb,204,1,-1,0,
37,technician,married,secondary,yes,-143,yes,no,cellular,4,feb,95,1,-1,0,
30,admin.,married,secondary,yes,23,no,yes,cellular,4,feb,149,2,-1,0,
34,management,married,tertiary,yes,-30,yes,no,cellular,4,feb,449,2,-1,0,
42,management,married,secondary,yes,-34,no,no,cellular,5,feb,176,1,-1,0,
30,services,single,primary,yes,81,yes,no,telephone,5,feb,37,1,-1,0,
50,blue-collar,married,secondary,yes,-812,no,yes,cellular,5,feb,8,8,-1,0,
47,self-employed,married,secondary,yes,2,no,no,cellular,5,feb,236,2,-1,0,
39,blue-collar,single,secondary,yes,0,yes,yes,cellular,6,feb,14,8,-1,0,
42,entrepreneur,married,primary,yes,66,yes,yes,cellular,6,feb,139,1,-1,0,
57,admin.,divorced,secondary,yes,-435,yes,yes,cellular,6,feb,89,5,273,2,failure
46,unemployed,divorced,secondary,yes,22,no,no,cellular,6,feb,8,10,-1,0,
35,unemployed,single,primary,yes,-84,no,no,cellular,9,feb,19,11,-1,0,
48,management,married,tertiary,yes,0,no,yes,cellular,9,feb,18,8,-1,0,
44,unemployed,married,primary,yes,-43,yes,no,cellular,9,feb,290,6,-1,0,
34,blue-collar,single,primary,yes,81,no,yes,cellular,9,feb,44,2,-1,0,
31,management,single,secondary,yes,0,no,no,cellular,11,feb,112,4,85,2,failure
34,blue-collar,single,secondary,yes,-60,no,no,cellular,3,apr,84,1,332,1,failure
47,unemployed,divorced,secondary,yes,342,yes,no,cellular,15,apr,177,1,-1,0,
32,blue-collar,married,secondary,yes,-53,yes,no,cellular,16,apr,648,1,272,1,other
36,management,single,tertiary,yes,-508,yes,no,cellular,17,apr,832,2,-1,0,
36,technician,single,secondary,yes,-487,yes,no,cellular,17,apr,1080,1,-1,0,
33,blue-collar,divorced,,yes,-274,yes,yes,cellular,17,apr,715,2,329,2,failure
34,management,married,secondary,yes,879,yes,no,cellular,17,apr,712,1,344,1,failure
34,entrepreneur,married,secondary,yes,-538,yes,no,cellular,20,apr,428,1,-1,0,
44,blue-collar,married,secondary,yes,105,yes,no,cellular,20,apr,586,1,-1,0,
45,blue-collar,married,primary,yes,-443,yes,yes,cellular,20,apr,691,1,-1,0,
54,housemaid,married,secondary,yes,0,no,no,cellular,30,apr,103,3,-1,0,
32,blue-collar,married,primary,yes,-148,yes,no,cellular,4,may,326,3,357,15,other
35,blue-collar,single,secondary,yes,-947,yes,no,cellular,5,may,148,4,362,3,failure
31,management,divorced,tertiary,yes,10,yes,yes,cellular,5,may,167,1,-1,0,
29,technician,single,secondary,yes,-368,yes,no,cellular,5,may,151,1,-1,0,
54,management,married,primary,yes,0,yes,yes,cellular,6,may,95,1,-1,0,
30,self-employed,married,tertiary,yes,-1083,yes,no,cellular,6,may,401,1,336,2,failure
39,technician,divorced,tertiary,yes,3,no,no,cellular,6,may,488,1,-1,0,
25,blue-collar,single,secondary,yes,15,yes,no,telephone,6,may,44,1,-1,0,
33,admin.,divorced,secondary,yes,-18,yes,no,cellular,6,may,244,1,359,3,failure
33,services,married,secondary,yes,2,no,no,cellular,6,may,136,5,-1,0,
50,admin.,divorced,secondary,yes,2405,yes,no,cellular,6,may,114,1,287,8,failure
32,blue-collar,single,secondary,yes,-206,yes,no,cellular,6,may,148,1,-1,0,
31,blue-collar,single,,yes,17,yes,no,cellular,6,may,72,1,-1,0,
27,blue-collar,single,secondary,yes,-233,yes,no,cellular,6,may,728,1,-1,0,
37,blue-collar,single,primary,yes,21,no,no,cellular,6,may,231,2,-1,0,
32,technician,single,secondary,yes,-92,yes,no,cellular,6,may,139,1,363,1,other
33,blue-collar,married,primary,yes,-542,yes,no,cellular,6,may,116,2,-1,0,
37,services,married,primary,yes,-483,yes,yes,cellular,6,may,222,2,168,3,failure
44,technician,married,,yes,-375,yes,yes,telephone,6,may,149,4,-1,0,
32,admin.,married,secondary,yes,-166,yes,no,cellular,6,may,129,3,-1,0,
28,blue-collar,single,secondary,yes,87,yes,no,cellular,7,may,27,1,345,1,failure
35,blue-collar,single,secondary,yes,-177,yes,yes,cellular,7,may,193,1,-1,0,
48,blue-collar,married,secondary,yes,0,yes,yes,cellular,7,may,275,1,-1,0,
30,entrepreneur,married,secondary,yes,-388,yes,no,cellular,7,may,263,1,293,3,failure
59,management,divorced,tertiary,yes,-23,yes,no,telephone,7,may,287,2,-1,0,
37,management,divorced,tertiary,yes,-1,yes,yes,cellular,7,may,101,1,349,1,failure
34,unemployed,divorced,tertiary,yes,530,yes,no,cellular,7,may,57,1,-1,0,
42,blue-collar,divorced,primary,yes,78,yes,no,cellular,7,may,227,2,-1,0,
27,blue-collar,single,secondary,yes,-717,yes,yes,cellular,7,may,202,2,349,1,other
32,management,divorced,tertiary,yes,-277,yes,no,cellular,7,may,196,3,-1,0,
45,admin.,married,secondary,yes,-106,yes,yes,cellular,7,may,553,3,288,1,other
27,blue-collar,married,secondary,yes,-584,yes,no,cellular,7,may,411,2,-1,0,
44,admin.,married,secondary,yes,-204,yes,no,cellular,8,may,105,1,347,2,failure
53,blue-collar,married,secondary,yes,20,yes,no,cellular,8,may,273,1,-1,0,
35,services,married,secondary,yes,-182,yes,no,cellular,8,may,270,2,-1,0,
43,self-employed,married,tertiary,yes,310,yes,no,cellular,11,may,84,7,-1,0,
56,management,married,primary,yes,-255,yes,no,telephone,11,may,9,5,-1,0,
57,entrepreneur,divorced,secondary,yes,25,yes,no,cellular,11,may,652,1,370,4,other
54,entrepreneur,married,secondary,yes,401,yes,no,cellular,11,may,341,1,-1,0,
31,self-employed,married,tertiary,yes,147,yes,no,cellular,11,may,12,5,-1,0,
30,management,divorced,tertiary,yes,-1105,yes,no,cellular,11,may,686,1,-1,0,
51,management,single,tertiary,yes,-55,yes,no,cellular,11,may,281,2,266,6,failure
36,blue-collar,divorced,primary,yes,0,yes,no,cellular,11,may,97,2,305,1,failure
42,blue-collar,married,secondary,yes,-204,yes,no,cellular,11,may,34,1,361,7,failure
53,unemployed,married,secondary,yes,-233,yes,no,cellular,11,may,133,3,-1,0,
48,services,single,secondary,yes,-470,yes,no,cellular,11,may,410,2,292,11,failure
46,management,divorced,secondary,yes,2,no,no,cellular,12,may,115,1,-1,0,
39,services,divorced,secondary,yes,-96,yes,yes,telephone,12,may,38,6,-1,0,
42,unemployed,married,primary,yes,-581,yes,no,cellular,13,may,224,1,370,2,failure
28,blue-collar,single,secondary,yes,-2,yes,yes,cellular,13,may,172,2,364,5,failure
28,housemaid,married,secondary,yes,65,yes,yes,cellular,13,may,165,1,300,1,failure
36,blue-collar,single,secondary,yes,-1157,yes,no,cellular,13,may,323,2,-1,0,
45,management,divorced,tertiary,yes,-946,yes,no,cellular,13,may,213,1,-1,0,
45,blue-collar,single,secondary,yes,0,yes,no,cellular,14,may,17,7,287,13,other
26,admin.,single,secondary,yes,-930,yes,no,cellular,14,may,786,1,-1,0,
32,blue-collar,single,secondary,yes,-575,yes,no,cellular,14,may,24,6,346,9,failure
48,blue-collar,married,primary,yes,-50,yes,no,cellular,14,may,212,6,-1,0,
27,services,single,tertiary,yes,-152,yes,yes,cellular,15,may,14,4,-1,0,
30,technician,single,secondary,yes,28,yes,no,cellular,15,may,778,5,301,1,failure
48,management,married,tertiary,yes,-13,yes,no,cellular,15,may,20,6,291,2,other
39,blue-collar,divorced,secondary,yes,-202,yes,yes,cellular,15,may,157,4,-1,0,
30,admin.,single,secondary,yes,-228,yes,no,cellular,15,may,101,1,371,1,failure
39,entrepreneur,married,tertiary,yes,-172,yes,no,cellular,15,may,562,2,-1,0,
26,services,single,secondary,yes,-162,yes,no,cellular,15,may,44,2,-1,0,
57,retired,married,secondary,yes,32,yes,no,cellular,15,may,476,3,-1,0,
35,management,married,tertiary,yes,-10,yes,no,cellular,15,may,168,2,364,1,other
23,student,married,tertiary,yes,-230,yes,no,cellular,18,may,259,2,-1,0,
24,technician,single,secondary,yes,-1329,yes,no,cellular,18,may,50,1,356,2,other
26,management,single,tertiary,yes,-130,yes,no,cellular,18,may,216,1,-1,0,
32,services,single,secondary,yes,687,yes,no,cellular,18,may,154,1,-1,0,
38,entrepreneur,single,tertiary,yes,-38,yes,no,cellular,18,may,119,4,-1,0,
32,admin.,divorced,secondary,yes,5,yes,yes,cellular,18,may,82,3,363,2,other
24,services,single,secondary,yes,-1414,yes,yes,cellular,18,may,171,2,-1,0,
59,management,divorced,tertiary,yes,0,no,no,cellular,22,may,239,1,-1,0,
58,retired,married,primary,yes,-235,no,yes,telephone,27,may,93,2,-1,0,
45,unemployed,divorced,primary,yes,11,no,no,cellular,13,aug,489,5,-1,0,
71,retired,divorced,tertiary,yes,1236,yes,no,cellular,14,sep,335,4,-1,0,
28,management,single,tertiary,yes,1414,yes,no,cellular,8,jul,294,1,521,1,failure
25,technician,single,tertiary,yes,160,no,yes,,13,jul,151,1,-1,0,
31,services,single,secondary,yes,-248,no,no,,27,jul,5,1,-1,0,
27,student,single,primary,yes,25,no,no,,28,aug,8,1,-1,0,
